<?xml version="1.0" encoding="utf-8" ?>
<RobotConfiguration>
 
  <Robot id="Ingenico Desk3500">
    <IpAddress>10.30.10.99</IpAddress>
    <IpPort>23</IpPort>
    <Layout>Ingenico-Desk3500.xml</Layout>
  </Robot>
 
  <!--<Robot id="Ingenico">
    <IpAddress>10.30.10.142</IpAddress>
    <IpPort>23</IpPort>
    <Layout>Yomani.xml</Layout>
  </Robot>-->
  
  <!--<Robot id="ingenico_IPP350.xml">
    <IpAddress>127.0.0.1</IpAddress>
    <IpPort>8008</IpPort>
    <Layout>Ingenico-IPP350.xml</Layout>
  </Robot>-->
</RobotConfiguration>


