﻿<?xml version="1.0" encoding="utf-8" ?>

<Settings>
  <!-- Keyboard positions -->
  <Position>
    <CanonicalName>PRESS 0</CanonicalName>
    <Value>G0 X20.3 Y10.5</Value>
    <isButton>1</isButton>
  </Position>
  <Position>
    <CanonicalName>PRESS 1</CanonicalName>
    <Value>G0 X0 Y40.7</Value>
    <isButton>1</isButton>
  </Position>
  <Position>
    <CanonicalName>PRESS 2</CanonicalName>
    <Value>G0 X20.3 Y40.5</Value>
    <isButton>1</isButton>
  </Position>
  <Position>
    <CanonicalName>PRESS 3</CanonicalName>
    <Value>G0 X40.5 Y40.4</Value>
    <isButton>1</isButton>
  </Position>
  <Position>
    <CanonicalName>PRESS 4</CanonicalName>
    <Value>G0 X0 Y31.4</Value>
    <isButton>1</isButton>
  </Position>
  <Position>
    <CanonicalName>PRESS 5</CanonicalName>
    <Value>G0 X20.3 Y30.5</Value>
    <isButton>1</isButton>
  </Position>
  <Position>
    <CanonicalName>PRESS 6</CanonicalName>
    <Value>G0 X40.5 Y31.3</Value>
    <isButton>1</isButton>
  </Position>
  <Position>
    <CanonicalName>PRESS 7</CanonicalName>
    <Value>G0 X0 Y21.4</Value>
      <isButton>1</isButton>
  </Position>
  <Position>
    <CanonicalName>PRESS 8</CanonicalName>
    <Value>G0 X20.3 Y20.5</Value>
    <isButton>1</isButton>
  </Position>
  <Position>
    <CanonicalName>PRESS 9</CanonicalName>
    <Value>G0 X40.5 Y21.8</Value>
    <isButton>1</isButton>
  </Position>
  <Position>
    <CanonicalName>PRESS MENU</CanonicalName>
    <Value>G0 X0 Y12.6</Value>
    <isButton>1</isButton>
  </Position>
  <Position>
    <CanonicalName>PRESS DOT</CanonicalName>
    <Value>G0 X40.5 Y11.8</Value>
    <isButton>1</isButton>
  </Position>
  <Position>
    <CanonicalName>PRESS STOP</CanonicalName>
    <Value>G0 X0 Y2</Value>
    <isButton>1</isButton>
  </Position>
  <Position>
    <CanonicalName>PRESS CLEAR</CanonicalName>
    <Value>G0 X20.3 Y0</Value>
    <isButton>1</isButton>
  </Position>
  <Position>
    <CanonicalName>PRESS OK</CanonicalName>
    <Value>G0 X40.5 Y2</Value>
    <isButton>1</isButton>
  </Position>
  
  <!-- Card Insert -->
  <Position>
    <CanonicalName>INSERT CARD</CanonicalName>
    <Value>G28 Z0</Value>
    <isButton>0</isButton>
  </Position>

  <!-- Card Eject -->
  <Position>
    <CanonicalName>REMOVE CARD</CanonicalName>
    <Value>G0 Z50</Value>
    <isButton>0</isButton>
  </Position>

  <Position>
    <CanonicalName>SLEEP</CanonicalName>
    <Value>M18</Value>
    <isButton>0</isButton>
  </Position>

  <Position>
    <CanonicalName>RESET</CanonicalName>
    <Value>M999</Value>
    <isButton>0</isButton>
  </Position>

  <Position>
    <CanonicalName>HOME</CanonicalName>
    <Value>G28</Value>
    <isButton>0</isButton>
  </Position>

  <Position>
    <CanonicalName>HOME PARTIAL</CanonicalName>
    <Value>G28 X0 Y0</Value>
    <isButton>0</isButton>
  </Position>
  
</Settings>