<?xml version="1.0" encoding="utf-8" ?>
<Settings>
  <!-- Keyboard positions -->
  <Position>
    <CanonicalName>PRESS 0</CanonicalName>
    <Value>G0 X21.8 Y15</Value>
    <isButton>1</isButton>
  </Position>
  <Position>
    <CanonicalName>PRESS 1</CanonicalName>
    <Value>G0 X1.3 Y55</Value>
    <isButton>1</isButton>
  </Position>
  <Position>
    <CanonicalName>PRESS 2</CanonicalName>
    <Value>G0 X22.3 Y54.5</Value>
    <isButton>1</isButton>
  </Position>
  <Position>
    <CanonicalName>PRESS 3</CanonicalName>
    <Value>G0 X43.3 Y54.2</Value>
    <isButton>1</isButton>
  </Position>
  <Position>
    <CanonicalName>PRESS 4</CanonicalName>
    <Value>G0 X1.5 Y42</Value>
    <isButton>1</isButton>
  </Position>
  <Position>
    <CanonicalName>PRESS 5</CanonicalName>
    <Value>G0 X22.5 Y42</Value>
    <isButton>1</isButton>
  </Position>
  <Position>
    <CanonicalName>PRESS 6</CanonicalName>
    <Value>G0 X42.6 Y41.7</Value>
    <isButton>1</isButton>
  </Position>
  <Position>
    <CanonicalName>PRESS 7</CanonicalName>
    <Value>G0 X2 Y28.5</Value>
    <isButton>1</isButton>
  </Position>
  <Position>
    <CanonicalName>PRESS 8</CanonicalName>
    <Value>G0 X22 Y28.5</Value>
    <isButton>1</isButton>
  </Position>
  <Position>
    <CanonicalName>PRESS 9</CanonicalName>
    <Value>G0 X42 Y28</Value>
    <isButton>1</isButton>
  </Position>
  <Position>
    <CanonicalName>PRESS MENU</CanonicalName>
    <Value>G0 X2.8 Y15</Value>
    <isButton>1</isButton>
  </Position>
  <Position>
    <CanonicalName>PRESS DOT</CanonicalName>
    <Value>G0 X40.8 Y15</Value>
    <isButton>1</isButton>
  </Position>
  <Position>
    <CanonicalName>PRESS STOP</CanonicalName>
    <Value>G0 X4 Y1</Value>
    <isButton>1</isButton>
  </Position>
  <Position>
    <CanonicalName>PRESS CLEAR</CanonicalName>
    <Value>G0 X21.5 Y1</Value>
    <isButton>1</isButton>
  </Position>
  <Position>
    <CanonicalName>PRESS OK</CanonicalName>
    <Value>G0 X38.8 Y1</Value>
    <isButton>1</isButton>
  </Position>

  <!-- Card Insert -->
  <Position>
    <CanonicalName>INSERT CARD</CanonicalName>
    <Value>G28 Z0</Value>
    <isButton>0</isButton>
  </Position>

  <!-- Card Eject -->
  <Position>
    <CanonicalName>REMOVE CARD</CanonicalName>
    <Value>G0 Z50</Value>
    <isButton>0</isButton>
  </Position>

  <Position>
    <CanonicalName>SLEEP</CanonicalName>
    <Value>M18</Value>
    <isButton>0</isButton>
  </Position>

  <Position>
    <CanonicalName>RESET</CanonicalName>
    <Value>M999</Value>
    <isButton>0</isButton>
  </Position>

  <Position>
    <CanonicalName>HOME</CanonicalName>
    <Value>G28</Value>
    <isButton>0</isButton>
  </Position>


  <Position>
    <CanonicalName>HOME PARTIAL</CanonicalName>
    <Value>G28 X0 Y0</Value>
    <isButton>0</isButton>
  </Position>

</Settings>



